{
  "startupTime": {
    "fcp": 932,
    "domInteractive": 247.89999999990687,
    "loadEventEnd": 529.7999999998137
  }
}